experience_id,naive_overall,replay_overall,naive_old,replay_old,naive_new,replay_new,naive_forgetting,replay_forgetting
0,0.266763,0.266763,NA,NA,0.266763,0.266763,NA,NA
1,0.234516,0.323807,0.234516,0.323807,NA,NA,0.032386,-0.056853
2,0.069745,0.114290,0.000000,0.094407,0.209158,0.154034,0.383335,0.308564
3,0.085470,0.089084,0.000000,0.005633,0.342240,0.339791,0.325260,0.314312
4,0.092870,0.103901,0.000000,0.023522,0.464000,0.425111,0.329462,0.301381
5,0.056710,0.087533,0.056710,0.087533,NA,NA,0.299692,0.257457
6,0.066232,0.108113,0.000000,0.057644,0.397288,0.360382,0.394248,0.308590
7,0.040029,0.051974,0.000000,0.025388,0.280249,0.211521,0.394787,0.339873
8,0.057439,0.067827,0.057439,0.067827,NA,NA,0.320988,0.275468
9,0.040633,0.056772,0.040633,0.056772,NA,NA,0.364940,0.325556
10,0.047503,0.063318,0.000000,0.021667,0.379778,0.354667,0.411282,0.360655
11,0.057592,0.065653,0.057592,0.065653,NA,NA,0.349641,0.313143
12,0.041471,0.059482,0.041471,0.059482,NA,NA,0.388594,0.333561
13,0.039410,0.062982,0.000000,0.006226,0.354839,0.517241,0.443510,0.395221
14,0.038347,0.050949,0.038347,0.050949,NA,NA,0.395340,0.363366
15,0.043413,0.056706,0.043413,0.056706,NA,NA,0.393355,0.357615
16,0.053049,0.059844,0.053049,0.059844,NA,NA,0.397081,0.371688
17,0.026636,0.056138,0.026636,0.056138,NA,NA,0.430783,0.379457
18,0.033900,0.037433,0.033900,0.037433,NA,NA,0.439790,0.400000
19,0.050257,0.054482,0.050257,0.054482,NA,NA,0.423426,0.382948
20,0.051937,0.047267,0.051937,0.047267,NA,NA,0.424798,0.392122
21,0.045414,0.054853,0.045414,0.054853,NA,NA,0.456813,0.394969
22,0.043339,0.057052,0.043339,0.057052,NA,NA,0.466909,0.400400
23,0.045142,0.045167,0.045142,0.045167,NA,NA,0.467383,0.416710
24,0.036544,0.069974,0.036544,0.069974,NA,NA,0.483351,0.393493
25,0.032912,0.053173,0.032912,0.053173,NA,NA,0.491186,0.412879
26,0.045043,0.046946,0.045043,0.046946,NA,NA,0.479433,0.419921
27,0.035061,0.057422,0.035061,0.057422,NA,NA,0.490272,0.415464
28,0.021280,0.044072,0.000000,0.031627,0.212667,0.156000,0.526099,0.444106
29,0.027884,0.058903,0.027884,0.058903,NA,NA,0.466834,0.384851
30,0.042582,0.040981,0.042582,0.040981,NA,NA,0.458614,0.423131
31,0.023237,0.048030,0.023237,0.048030,NA,NA,0.485516,0.425076
32,0.056480,0.058837,0.056480,0.058837,NA,NA,0.458256,0.427099
33,0.033376,0.054745,0.033376,0.054745,NA,NA,0.491171,0.431493
34,0.027284,0.055590,0.027284,0.055590,NA,NA,0.498089,0.437593
35,0.024838,0.057236,0.024838,0.057236,NA,NA,0.500560,0.435972
36,0.027039,0.046362,0.027039,0.046362,NA,NA,0.499048,0.455398
37,0.035756,0.049053,0.035756,0.049053,NA,NA,0.491006,0.462215
38,0.043338,0.067486,0.043338,0.067486,NA,NA,0.484019,0.445292
39,0.050632,0.057369,0.050632,0.057369,NA,NA,0.477065,0.455365
40,0.029952,0.036111,0.029952,0.036111,NA,NA,0.505041,0.481505
41,0.021880,0.021702,0.021880,0.021702,NA,NA,0.530571,0.505039
42,0.029507,0.027350,0.029507,0.027350,NA,NA,0.523485,0.500240
43,0.031686,0.043405,0.031686,0.043405,NA,NA,0.529650,0.486673
44,0.024015,0.037690,0.024015,0.037690,NA,NA,0.537329,0.493353
45,0.041381,0.059037,0.041381,0.059037,NA,NA,0.520957,0.478280
46,0.031864,0.053922,0.031864,0.053922,NA,NA,0.532426,0.483387
47,0.033532,0.043850,0.033532,0.043850,NA,NA,0.537658,0.493480
48,0.028440,0.035088,0.028440,0.035088,NA,NA,0.547370,0.506342
49,0.024437,0.033710,0.024437,0.033710,NA,NA,0.557504,0.512648
50,0.030352,0.040403,0.030352,0.040403,NA,NA,0.551636,0.505975
51,0.039847,0.058881,0.039847,0.058881,NA,NA,0.551812,0.487530
52,0.035088,0.057591,0.035088,0.057591,NA,NA,0.558946,0.491443
53,0.055813,0.080606,0.055813,0.080606,NA,NA,0.538268,0.468405
54,0.046651,0.062706,0.046651,0.062706,NA,NA,0.552769,0.490782
55,0.037379,0.050165,0.037379,0.050165,NA,NA,0.563216,0.503355
56,0.028929,0.045917,0.028929,0.045917,NA,NA,0.572267,0.507541
57,0.037846,0.046140,0.037846,0.046140,NA,NA,0.568399,0.512291
58,0.039402,0.049809,0.039402,0.049809,NA,NA,0.566843,0.508627
59,0.036334,0.045250,0.036334,0.045250,NA,NA,0.569910,0.513183
60,0.042671,0.048119,0.042671,0.048119,NA,NA,0.563732,0.510316
61,0.040114,0.071533,0.040114,0.071533,NA,NA,0.566839,0.486906
62,0.033443,0.059459,0.033443,0.059459,NA,NA,0.578518,0.499594
63,0.038068,0.047630,0.038068,0.047630,NA,NA,0.576535,0.511439
64,0.034510,0.058525,0.034510,0.058525,NA,NA,0.580513,0.503307
65,0.032309,0.074179,0.032309,0.074179,NA,NA,0.587667,0.487664
66,0.034577,0.056657,0.034577,0.056657,NA,NA,0.585330,0.507717
67,0.028218,0.043271,0.028218,0.043271,NA,NA,0.597000,0.521153
68,0.027840,0.040559,0.027840,0.040559,NA,NA,0.600255,0.523781
69,0.050009,0.066308,0.050009,0.066308,NA,NA,0.578563,0.501785
70,0.059148,0.074357,0.059148,0.074357,NA,NA,0.570758,0.498820
71,0.067309,0.083007,0.067309,0.083007,NA,NA,0.564239,0.500113
72,0.052032,0.061616,0.052032,0.061616,NA,NA,0.583087,0.523055
73,0.047163,0.076092,0.047163,0.076092,NA,NA,0.587855,0.508516
74,0.032042,0.058837,0.032042,0.058837,NA,NA,0.608940,0.528543
75,0.032843,0.071578,0.032843,0.071578,NA,NA,0.608116,0.515762
76,0.031264,0.045228,0.031264,0.045228,NA,NA,0.613172,0.542169
77,0.038424,0.069043,0.038424,0.069043,NA,NA,0.606011,0.519044
78,0.023459,0.053789,0.023459,0.053789,NA,NA,0.620896,0.536408
